First,Last,Email,State
Lavada,Comes,LComes@airmail.co.uk,Alabama
Carlos,Samson,samson.o.carlos@nyhealthsystems.org,Nebraska
Claudio,Patel,patel.claudio@mymail.co.nz,Minnesota
Kathlyn,Łąchowski,chowski.b.kathlyn@mymail.org,Texas
Jina,Grant,jinag@testmail.co.uk,Hawaii
Jackson,Lee,jacksonl@testing.org,Minnesota
Lin,Feliz,LFeliz@testing.org,Vermont
Wanetta,Croley,WCrole@mymail.biz,Oklahoma
Winifred,Bello,WBello@testmail.net,Wyoming
Roseline,Overton,ROvert@mymail.co.uk,Vermont
Caroline,Valverde,CValve@infomail.com,Iowa
Rosario,Barkley,barkley.v.rosario65@lol.co.pl,Oklahoma
Lou,Roberts,roberts.lou48@mymail.biz,Minnesota
Meridith,Glymph,MGlymp@example.net,Louisiana
Romaine,Riesgo,RRiesg@lol.co.nz,Michigan
Floy,Vine,FVine@farmingtonservices.org,Mississippi
Jannet,Lembo,JLembo@notmail.co.in,Michigan
Brittney,Smith,smith.brittney@fishmail.net,Alaska
Loree,Grimaldi,LGrima@mymail.co.pl,Nebraska
Dara,Macfarland,DMacfa@fakemail.com,Delaware
Rosario,Terrell-Robertson,rosarioterrell-robertson82@testing.info,Wisconsin
Eleonor,Smith-Díaz,smith-daz.l.eleonor@example.co.nz,New York
Shad,McReynolds,shadmcreynolds6@notmail.co.nz,Maryland
Shad,Reynolds,reynolds.shad@testmail.net,Alabama
Laree,Díaz,daz.r.laree@lol.net,California
Angele,Mcgee,AMcgee@mymail.co.pl,Delaware
Evelynn,Kallas,EKalla@mymail.biz,Alabama
Roland,Adams,adams.roland@sample.info,Oklahoma
Herminia,Roberts-Deforest,hh.roberts-deforest@fishmail.biz,Oklahoma
Brzęczysław,Wattson,wattson.brzczysaw@airmail.co.uk,Georgia
Lavern,Cogar,LCogar@airmail.net,Maryland
Donnette,Polson,DPolso@sierrapeaceinitiative.org,Oklahoma
Briana,Weisz,BWeisz@sample.net,Mississippi
Brittney,Wilson,brittneywilson@infomail.org,Delaware
Crista,Starkey,CStark@fishmail.info,Vermont
Lawerence,Dimitrov,dimitrov.d.lawerence@sample.net,Missouri
Winford,Samson,samson.winford89@example.co.pl,Arkansas
Dewitt,Welton,DWelto@fishmail.net,Colorado
Omar,Blackwell,ou.blackwell@fakemail.info,Wisconsin
Scarlet,Díaz,daz.scarlet@notmail.co.pl,Washington
Carlos,Robertson,carlosr@notmail.co.uk,Washington
Clarine,Plumadore,CPluma@lol.co.in,Louisiana
Edgardo,Alm,EAlm@fishmail.org,Colorado
Ema,Sickles,ESickl@notmail.co.uk,Colorado
Valene,McReynolds,mcreynoldsv@statespartnership.org,North Dakota
Earle,Conatser,EConat@example.co.in,Utah
Phoebe,Cory,PCory@example.co.pl,New York
Landon,Bachman-Blackwell,bachman-blackwell.landon80@sample.net,Indiana
Isadora,Gibney,IGibne@notmail.co.nz,Tennessee
Beau,Vangieson,BVangi@sample.net,Louisiana
Dimple,Sturges,DSturg@infomail.org,Missouri
Errol,Smith,smithe22@example.com,Colorado
Barry,Parker,barryparker@lol.com,Georgia
Genie,Amos,GAmos@mymail.org,Kentucky
Miguel,Ivanov-Dimitrov,ivanov-dimitrovm@lol.co.nz,Ohio
Kathleen,Nielsen-Díaz,kathleennielsen-daz79@spamalot.biz,Colorado
Russell,Wagner-Jacobs,wagner-jacobsr9@infomail.co.nz,Wyoming
Allen,Roberts,allenroberts@sample.net,Arkansas
Shad,Łąchowski,chowski.shad@mymail.co.pl,Texas
Burma,Dishner,BDishn@fishmail.biz,North Dakota
Corrine,Olea,COlea@mymail.co.in,Michigan
Brent,Jameson,brentjameson@fishmail.org,North Dakota
Billy,Łąchowski,chowski.billy@fakemail.com,Nevada
Scott,Jensen,scottjensen23@example.co.in,Connecticut
Charles,Hazzard,CHazza@example.co.uk,Missouri
Damaris,Wagner,dt.wagner@lol.net,Louisiana
Josefa,Adams,josefaadams@mymail.org,Washington
Lawerence,Robertson,lawerencer@fishmail.com,Ohio
Kathlyn,Díaz,dazk@infomail.com,Mississippi
Craig,Reynolds,reynoldsc@fishmail.info,Texas
Allan,Zope,allanzope81@example.co.uk,Alabama
Russell,Roberts,robertsr@spamalot.co.nz,Ohio
Brittney,Łąchowski-González,chowski-gonzlez.brittney@airmail.co.uk,Michigan
Scarlet,Jones,scarletjones@example.info,Iowa
Jasmin,Hulin,JHulin@lol.biz,Wisconsin
Elbert,Müller,elbertmller39@airmail.net,Kentucky
Sebastian,Longnecker,SLongn@example.co.nz,Alabama
Michel,Jehle,MJehle@mymail.co.nz,Kentucky
Celine,Homes,CHomes@spamalot.co.nz,Colorado
Troy,Adams,troya@notmail.co.nz,Missouri
Lashawnda,Díaz,daz.lashawnda@example.com,Delaware
Carylon,Łąchowski,carylonchowski@mymail.co.pl,Alaska
Benny,Funchess,BFunch@airmail.net,Alaska
Paulita,Mccaulley,PMccau@sample.co.nz,Kentucky
Russell,Robertson,rl.robertson@mymail.co.uk,Hawaii
Kathleen,Samson,kh.samson16@mymail.biz,Oregon
Torie,Dehner,TDehne@example.com,Indiana
Parker,Dietrich,PDietr@testing.info,Wisconsin
Alane,Carrol,ACarro@infomail.co.nz,Delaware
Rosario,Adams,adams.rosario@sample.biz,Tennessee
Johanna,Fincher,JFinch@sample.net,Hawaii
Errol,Jameson,jameson.errol57@spamalot.org,Ohio
Neda,Hixson,NHixso@lol.co.nz,Michigan
Erasmo,Hug,EHug@testmail.co.uk,Arkansas
Bobette,Kitterman,BKitte@testmail.com,Nebraska
Reed,Siqueiros,RSique@lol.com,Alabama
Landon,Cooper,cooperl@mymail.co.in,New York
Toby,Samuels,samuelst9@example.co.nz,Alaska
Melia,Rumley,MRumle@fishmail.com,Wisconsin
Jina,Parker,jinap@lol.biz,New York
Mirian,Lauzon,MLauzo@testmail.org,Alaska
Jacob,Müller,jmller@testing.info,Virginia
Sharlene,Lundahl,SLunda@lol.net,Oklahoma
Harmony,Wilhite,HWilhi@example.info,Connecticut
Kathlyn,Deforest,ki.deforest@sample.net,Connecticut
Dorethea,Beams,DBeams@example.com,Utah
Tereasa,Everts,TEvert@lol.co.pl,Connecticut
Loni,Babb,LBabb@airmail.net,Minnesota
Daren,Adams,darena@example.net,New York
Kandace,Smith,smith.d.kandace@mymail.biz,Georgia
Bob,Zope,bzope56@infomail.net,Utah
Rolando,Prentice,prenticer36@infomail.net,Virginia
Liz,Keithley,LKeith@airmail.info,Alaska
Lindsay,Ogorman,LOgorm@infomail.net,Louisiana
Chang,Monteleone,CMonte@spamalot.org,Indiana
Heidi,Jameson,jameson.heidi@notmail.co.uk,Minnesota
Brigette,Wilson,wilson.brigette49@spamalot.net,Nevada
Lyman,Charrier,LCharr@mymail.co.uk,Tennessee
Magdalena,Steiger,MSteig@sample.biz,Oregon
Omar,Łąchowski-González,chowski-gonzlezo12@sierrapeaceinitiative.org,Michigan
Amal,Friscia,AFrisc@notmail.co.nz,California
Arlyne,Terry,ar.terry71@lol.co.nz,Kentucky
Marnie,Mcgurk,MMcgur@example.co.nz,Colorado
Scarlet,Wagner-Jacobs,wagner-jacobs.scarlet97@airmail.net,Arkansas
Bell,Barrientez,BBarri@sample.biz,Iowa
Lou,Wagner,wagner.lou25@testing.info,Wisconsin
Latanya,Snowden,LSnowd@notmail.co.uk,Ohio
Ray,Adams-Wilson,adams-wilsonr7@farmingtonservices.org,Minnesota
Ardelia,Valla,AValla@indiahomahealthcollective.org,Oregon
Keenan,Isenhour,KIsenh@airmail.co.uk,California
Daren,Reynolds,darenr@notmail.co.in,Colorado
Ashley,Jensen-Wilson,ashleyj@testmail.org,Kentucky
Tanya,Reynolds,reynolds.tanya14@lol.co.in,Ohio
Cora,Varga,CVarga@lol.net,Louisiana
Gabriel,Sable,GSable@mymail.org,Missouri
Branda,Bachus,BBachu@sample.info,Delaware
Warner,Causey,WCause@mymail.co.pl,Missouri
Sherman,Cooper,scooper13@indiahomahealthcollective.org,Arkansas
Landon,Cruz,cruzl2@mymail.co.uk,Massachusetts
Justina,Ivanov,ivanov.justina@paluxyenvironmental.org,Virginia
Allen,Jensen,ajensen70@airmail.info,Colorado
Teddy,Bachman-Blackwell,ts.bachman-blackwell28@sample.co.nz,Massachusetts
Maria,Cruz,cruz.w.maria@mymail.co.pl,Maryland
Milan,Pollitt,MPolli@paluxyenvironmental.org,Connecticut
Nannie,Diamond,NDiamo@testing.info,Massachusetts
Justina,Łąchowski,chowski.justina@spamalot.com,Arkansas
Ivey,Jacobs,jacobsi6@airmail.net,New York
Jonah,Gatton,JGatto@nyhealthsystems.org,Connecticut
Merrie,Blackwell,blackwellm@sample.biz,Wyoming
Brzęczysław,Parker,brzczysawparker50@testmail.com,Nevada
